{
    "1": {
        "kiwi": 0.08695652173913043,
        "banana": 0.21739130434782608,
        "coconut": 0.13043478260869565,
        "apricot": 0.043478260869565216,
        "apple": 0.17391304347826086,
        "lime": 0.08695652173913043,
        "peach": 0.043478260869565216,
        "pear": 0.043478260869565216,
        "cherry": 0.043478260869565216,
        "papaya": 0.043478260869565216,
        "blueberry": 0.043478260869565216,
        "fig": 0.043478260869565216
    },
    "9": {
        "blueberry": 0.125,
        "orange": 0.25,
        "apricot": 0.125,
        "fig": 0.0625,
        "banana": 0.125,
        "peach": 0.0625,
        "lime": 0.0625,
        "coconut": 0.0625,
        "kiwi": 0.0625,
        "pear": 0.0625
    },
    "8": {
        "coconut": 0.2857142857142857,
        "apple": 0.14285714285714285,
        "orange": 0.2857142857142857,
        "cherry": 0.14285714285714285,
        "papaya": 0.14285714285714285
    },
    "7": {
        "fig": 0.15,
        "lime": 0.1,
        "blueberry": 0.2,
        "orange": 0.1,
        "cherry": 0.15,
        "kiwi": 0.05,
        "apricot": 0.1,
        "peach": 0.05,
        "banana": 0.05,
        "coconut": 0.05
    },
    "6": {
        "banana": 0.25,
        "apricot": 0.25,
        "kiwi": 0.25,
        "blueberry": 0.25
    },
    "10": {
        "apple": 0.16216216216216217,
        "apricot": 0.16216216216216217,
        "peach": 0.10810810810810811,
        "coconut": 0.05405405405405406,
        "pear": 0.13513513513513514,
        "lime": 0.05405405405405406,
        "orange": 0.05405405405405406,
        "banana": 0.10810810810810811,
        "papaya": 0.05405405405405406,
        "cherry": 0.08108108108108109,
        "kiwi": 0.02702702702702703
    },
    "5": {
        "apple": 0.0625,
        "fig": 0.1875,
        "lime": 0.0625,
        "peach": 0.0625,
        "orange": 0.125,
        "blueberry": 0.0625,
        "apricot": 0.0625,
        "pear": 0.1875,
        "banana": 0.125,
        "kiwi": 0.0625
    },
    "4": {
        "apple": 0.18181818181818182,
        "banana": 0.18181818181818182,
        "papaya": 0.18181818181818182,
        "apricot": 0.18181818181818182,
        "orange": 0.09090909090909091,
        "coconut": 0.09090909090909091,
        "cherry": 0.09090909090909091
    },
    "3": {
        "banana": 0.125,
        "orange": 0.09375,
        "apple": 0.125,
        "lime": 0.03125,
        "blueberry": 0.125,
        "cherry": 0.25,
        "coconut": 0.03125,
        "pear": 0.0625,
        "fig": 0.0625,
        "apricot": 0.03125,
        "papaya": 0.0625
    },
    "2": {
        "lime": 0.26666666666666666,
        "papaya": 0.2,
        "peach": 0.06666666666666667,
        "apricot": 0.2,
        "kiwi": 0.06666666666666667,
        "blueberry": 0.06666666666666667,
        "banana": 0.06666666666666667,
        "apple": 0.06666666666666667
    }
}